id,name,group,section,provisional,country,url,image,pdf
1,Pointer,Wyżły,,,,https://www.zkwp.pl/wzorce.php,,https://www.zkwp.pl/wzorce/1.pdf
2,Seter angielski,Wyżły,,,,https://www.zkwp.pl/wzorce.php,,https://www.zkwp.pl/wzorce/2.pdf
3,Kerry Blue Terrier,Teriery,,,,https://www.zkwp.pl/wzorce.php,,https://www.zkwp.pl/wzorce/3.pdf
4,Cairn Terrier,Teriery,,,,https://www.zkwp.pl/wzorce.php,,https://www.zkwp.pl/wzorce/4.pdf
5,Cocker spaniel angielski,"Aportery, płochacze i psy dowodne",,,,https://www.zkwp.pl/wzorce.php,,https://www.zkwp.pl/wzorce/5.pdf
6,Seter szkocki - Gordon,Wyżły,,,,https://www.zkwp.pl/wzorce.php,,https://www.zkwp.pl/wzorce/6.pdf
7,Airedale Terrier,Teriery,,,,https://www.zkwp.pl/wzorce.php,,https://www.zkwp.pl/wzorce/7.pdf
8,Terier australijski,Teriery,,,,https://www.zkwp.pl/wzorce.php,,https://www.zkwp.pl/wzorce/8.pdf
9,Bedlington Terrier,Teriery,,,,https://www.zkwp.pl/wzorce.php,,https://www.zkwp.pl/wzorce/9.pdf
10,Border Terrier,Teriery,,,,https://www.zkwp.pl/wzorce.php,,https://www.zkwp.pl/wzorce/10.pdf
11,Bulterier,Teriery,,,,https://www.zkwp.pl/wzorce.php,,https://www.zkwp.pl/wzorce/11.pdf
12,Foksterier krótkowłosy,Teriery,,,,https://www.zkwp.pl/wzorce.php,,https://www.zkwp.pl/wzorce/12.pdf
13,English Toy Terrier,Teriery,,,,https://www.zkwp.pl/wzorce.php,,https://www.zkwp.pl/wzorce/13.pdf
14,Västgötaspets,Szpice i psy w typie pierwotnym,,,,https://www.zkwp.pl/wzorce.php,,https://www.zkwp.pl/wzorce/14.pdf
15,Owczarek belgijski,"Owczarki i inne psy pasterskie, z wyłączeniem szwajcarskich psów do bydła",,,,https://www.zkwp.pl/wzorce.php,,https://www.zkwp.pl/wzorce/15.pdf
16,Owczarek staroangielski - Bobtail,"Owczarki i inne psy pasterskie, z wyłączeniem szwajcarskich psów do bydła",,,,https://www.zkwp.pl/wzorce.php,,https://www.zkwp.pl/wzorce/16.pdf
17,Szorstkowłosy gończy z Nivernais,Psy gończe i rasy pokrewne,,,,https://www.zkwp.pl/wzorce.php,,https://www.zkwp.pl/wzorce/17.pdf
19,Briquet griffon vendéen,Psy gończe i rasy pokrewne,,,,https://www.zkwp.pl/wzorce.php,,https://www.zkwp.pl/wzorce/19.pdf
20,Ariégeois,Psy gończe i rasy pokrewne,,,,https://www.zkwp.pl/wzorce.php,,https://www.zkwp.pl/wzorce/20.pdf
21,Gascon Saintongeois,Psy gończe i rasy pokrewne,,,,https://www.zkwp.pl/wzorce.php,,https://www.zkwp.pl/wzorce/21.pdf
22,Duży gończy gaskoński,Psy gończe i rasy pokrewne,,,,https://www.zkwp.pl/wzorce.php,,https://www.zkwp.pl/wzorce/22.pdf
24,Poitevin,Psy gończe i rasy pokrewne,,,,https://www.zkwp.pl/wzorce.php,,https://www.zkwp.pl/wzorce/24.pdf
25,Billy,Psy gończe i rasy pokrewne,,,,https://www.zkwp.pl/wzorce.php,,https://www.zkwp.pl/wzorce/25.pdf
28,Chien d'Artois,Psy gończe i rasy pokrewne,,,,https://www.zkwp.pl/wzorce.php,,https://www.zkwp.pl/wzorce/28.pdf
30,Porcelaine,Psy gończe i rasy pokrewne,,,,https://www.zkwp.pl/wzorce.php,,https://www.zkwp.pl/wzorce/30.pdf
31,Mały gończy gaskoński,Psy gończe i rasy pokrewne,,,,https://www.zkwp.pl/wzorce.php,,https://www.zkwp.pl/wzorce/31.pdf
32,Szorstkowłosy gończy gaskoński,Psy gończe i rasy pokrewne,,,,https://www.zkwp.pl/wzorce.php,,https://www.zkwp.pl/wzorce/32.pdf
33,Grand Basset griffon vendéen,Psy gończe i rasy pokrewne,,,,https://www.zkwp.pl/wzorce.php,,https://www.zkwp.pl/wzorce/33.pdf
34,Basset artezyjsko-normandzki,Psy gończe i rasy pokrewne,,,,https://www.zkwp.pl/wzorce.php,,https://www.zkwp.pl/wzorce/34.pdf
35,Basset gaskoński,Psy gończe i rasy pokrewne,,,,https://www.zkwp.pl/wzorce.php,,https://www.zkwp.pl/wzorce/35.pdf
36,Basset bretoński,Psy gończe i rasy pokrewne,,,,https://www.zkwp.pl/wzorce.php,,https://www.zkwp.pl/wzorce/36.pdf
37,Portugalski pies dowodny,"Aportery, płochacze i psy dowodne",,,,https://www.zkwp.pl/wzorce.php,,https://www.zkwp.pl/wzorce/37.pdf
38,Welsh Corgi Cardigan,"Owczarki i inne psy pasterskie, z wyłączeniem szwajcarskich psów do bydła",,,,https://www.zkwp.pl/wzorce.php,,https://www.zkwp.pl/wzorce/38.pdf
39,Welsh Corgi Pembroke,"Owczarki i inne psy pasterskie, z wyłączeniem szwajcarskich psów do bydła",,,,https://www.zkwp.pl/wzorce.php,,https://www.zkwp.pl/wzorce/39.pdf
40,Irish Soft Coated Wheaten Terrier,Teriery,,,,https://www.zkwp.pl/wzorce.php,,https://www.zkwp.pl/wzorce/40.pdf
41,Jugoslovenski Ovcarski Pas - Sarplaninac,"Pinczery i sznaucery, molosy, szwajcarskie psy górskie i do bydła, pozostałe rasy",,,,https://www.zkwp.pl/wzorce.php,,https://www.zkwp.pl/wzorce/41.pdf
42,Jämthund,Szpice i psy w typie pierwotnym,,,,https://www.zkwp.pl/wzorce.php,,https://www.zkwp.pl/wzorce/42.pdf
43,Basenji,Szpice i psy w typie pierwotnym,,,,https://www.zkwp.pl/wzorce.php,,https://www.zkwp.pl/wzorce/43.pdf
44,Owczarek francuski - Beauceron,"Owczarki i inne psy pasterskie, z wyłączeniem szwajcarskich psów do bydła",,,,https://www.zkwp.pl/wzorce.php,,https://www.zkwp.pl/wzorce/44.pdf
45,Berneński pies pasterski,"Pinczery i sznaucery, molosy, szwajcarskie psy górskie i do bydła, pozostałe rasy",,,,https://www.zkwp.pl/wzorce.php,,https://www.zkwp.pl/wzorce/45.pdf
46,Appenzeller,"Pinczery i sznaucery, molosy, szwajcarskie psy górskie i do bydła, pozostałe rasy",,,,https://www.zkwp.pl/wzorce.php,,https://www.zkwp.pl/wzorce/46.pdf
47,Entlebucher,"Pinczery i sznaucery, molosy, szwajcarskie psy górskie i do bydła, pozostałe rasy",,,,https://www.zkwp.pl/wzorce.php,,https://www.zkwp.pl/wzorce/47.pdf
48,Karelski pies na niedźwiedzie,Szpice i psy w typie pierwotnym,,,,https://www.zkwp.pl/wzorce.php,,https://www.zkwp.pl/wzorce/48.pdf
49,Szpic fiński,Szpice i psy w typie pierwotnym,,,,https://www.zkwp.pl/wzorce.php,,https://www.zkwp.pl/wzorce/49.pdf
50,Nowofundland,"Pinczery i sznaucery, molosy, szwajcarskie psy górskie i do bydła, pozostałe rasy",,,,https://www.zkwp.pl/wzorce.php,,https://www.zkwp.pl/wzorce/50.pdf
51,Gończy fiński,Psy gończe i rasy pokrewne,,,,https://www.zkwp.pl/wzorce.php,,https://www.zkwp.pl/wzorce/51.pdf
52,Ogar polski,Psy gończe i rasy pokrewne,,,,https://www.zkwp.pl/wzorce.php,,https://www.zkwp.pl/wzorce/52.pdf
53,Komondor,"Owczarki i inne psy pasterskie, z wyłączeniem szwajcarskich psów do bydła",,,,https://www.zkwp.pl/wzorce.php,,https://www.zkwp.pl/wzorce/53.pdf
54,Kuvasz,"Owczarki i inne psy pasterskie, z wyłączeniem szwajcarskich psów do bydła",,,,https://www.zkwp.pl/wzorce.php,,https://www.zkwp.pl/wzorce/54.pdf
55,Puli,"Owczarki i inne psy pasterskie, z wyłączeniem szwajcarskich psów do bydła",,,,https://www.zkwp.pl/wzorce.php,,https://www.zkwp.pl/wzorce/55.pdf
56,Pumi,"Owczarki i inne psy pasterskie, z wyłączeniem szwajcarskich psów do bydła",,,,https://www.zkwp.pl/wzorce.php,,https://www.zkwp.pl/wzorce/56.pdf
57,Wyżeł węgierski krótkowłosy,Wyżły,,,,https://www.zkwp.pl/wzorce.php,,https://www.zkwp.pl/wzorce/57.pdf
58,Duży szwajcarski pies pasterski,"Pinczery i sznaucery, molosy, szwajcarskie psy górskie i do bydła, pozostałe rasy",,,,https://www.zkwp.pl/wzorce.php,,https://www.zkwp.pl/wzorce/58.pdf
59,Gończy szwajcarski,Psy gończe i rasy pokrewne,,,,https://www.zkwp.pl/wzorce.php,,https://www.zkwp.pl/wzorce/59.pdf
60,Gończy szwajcarski krótkonożny,Psy gończe i rasy pokrewne,,,,https://www.zkwp.pl/wzorce.php,,https://www.zkwp.pl/wzorce/60.pdf
61,Bernardyn,"Pinczery i sznaucery, molosy, szwajcarskie psy górskie i do bydła, pozostałe rasy",,,,https://www.zkwp.pl/wzorce.php,,https://www.zkwp.pl/wzorce/61.pdf
62,Gończy styryjski,Psy gończe i rasy pokrewne,,,,https://www.zkwp.pl/wzorce.php,,https://www.zkwp.pl/wzorce/62.pdf
63,Gończy austriacki (Brandlbracke),Psy gończe i rasy pokrewne,,,,https://www.zkwp.pl/wzorce.php,,https://www.zkwp.pl/wzorce/63.pdf
64,Pinczer austriacki,"Pinczery i sznaucery, molosy, szwajcarskie psy górskie i do bydła, pozostałe rasy",,,,https://www.zkwp.pl/wzorce.php,,https://www.zkwp.pl/wzorce/64.pdf
65,Maltańczyk,Psy ozdobne i do towarzystwa,,,,https://www.zkwp.pl/wzorce.php,,https://www.zkwp.pl/wzorce/65.pdf
66,Szorstkowłosy gończy bretoński,Psy gończe i rasy pokrewne,,,,https://www.zkwp.pl/wzorce.php,,https://www.zkwp.pl/wzorce/66.pdf
67,Petit Basset griffon vendéen,Psy gończe i rasy pokrewne,,,,https://www.zkwp.pl/wzorce.php,,https://www.zkwp.pl/wzorce/67.pdf
68,Gończy tyrolski,Psy gończe i rasy pokrewne,,,,https://www.zkwp.pl/wzorce.php,,https://www.zkwp.pl/wzorce/68.pdf
70,Lakeland Terrier,Teriery,,,,https://www.zkwp.pl/wzorce.php,,https://www.zkwp.pl/wzorce/70.pdf
71,Manchester Terrier,Teriery,,,,https://www.zkwp.pl/wzorce.php,,https://www.zkwp.pl/wzorce/71.pdf
72,Norwich Terrier,Teriery,,,,https://www.zkwp.pl/wzorce.php,,https://www.zkwp.pl/wzorce/72.pdf
73,Terier szkocki,Teriery,,,,https://www.zkwp.pl/wzorce.php,,https://www.zkwp.pl/wzorce/73.pdf
74,Sealyham Terrier,Teriery,,,,https://www.zkwp.pl/wzorce.php,,https://www.zkwp.pl/wzorce/74.pdf
75,Skye Terrier,Teriery,,,,https://www.zkwp.pl/wzorce.php,,https://www.zkwp.pl/wzorce/75.pdf
76,Staffordshire Bull Terrier,Teriery,,,,https://www.zkwp.pl/wzorce.php,,https://www.zkwp.pl/wzorce/76.pdf
77,Spaniel kontynentalny miniaturowy,Psy ozdobne i do towarzystwa,,,,https://www.zkwp.pl/wzorce.php,,https://www.zkwp.pl/wzorce/77.pdf
78,Terier walijski,Teriery,,,,https://www.zkwp.pl/wzorce.php,,https://www.zkwp.pl/wzorce/78.pdf
80,Gryfonik brukselski,Psy ozdobne i do towarzystwa,,,,https://www.zkwp.pl/wzorce.php,,https://www.zkwp.pl/wzorce/80.pdf
81,Gryfonik belgijski,Psy ozdobne i do towarzystwa,,,,https://www.zkwp.pl/wzorce.php,,https://www.zkwp.pl/wzorce/81.pdf
82,Brabantczyk,Psy ozdobne i do towarzystwa,,,,https://www.zkwp.pl/wzorce.php,,https://www.zkwp.pl/wzorce/82.pdf
83,Schipperke,"Owczarki i inne psy pasterskie, z wyłączeniem szwajcarskich psów do bydła",,,,https://www.zkwp.pl/wzorce.php,,https://www.zkwp.pl/wzorce/83.pdf
84,Bloodhound,Psy gończe i rasy pokrewne,,,,https://www.zkwp.pl/wzorce.php,,https://www.zkwp.pl/wzorce/84.pdf
85,West Highland White Terrier,Teriery,,,,https://www.zkwp.pl/wzorce.php,,https://www.zkwp.pl/wzorce/85.pdf
86,Yorkshire Terrier,Teriery,,,,https://www.zkwp.pl/wzorce.php,,https://www.zkwp.pl/wzorce/86.pdf
87,Owczarek kataloński,"Owczarki i inne psy pasterskie, z wyłączeniem szwajcarskich psów do bydła",,,,https://www.zkwp.pl/wzorce.php,,https://www.zkwp.pl/wzorce/87.pdf
88,Owczarek szetlandzki,"Owczarki i inne psy pasterskie, z wyłączeniem szwajcarskich psów do bydła",,,,https://www.zkwp.pl/wzorce.php,,https://www.zkwp.pl/wzorce/88.pdf
89,Podenco z Ibizy,Szpice i psy w typie pierwotnym,,,,https://www.zkwp.pl/wzorce.php,,https://www.zkwp.pl/wzorce/89.pdf
90,Wyżeł hiszpański z Burgos,Wyżły,,,,https://www.zkwp.pl/wzorce.php,,https://www.zkwp.pl/wzorce/90.pdf
91,Mastif hiszpański,"Pinczery i sznaucery, molosy, szwajcarskie psy górskie i do bydła, pozostałe rasy",,,,https://www.zkwp.pl/wzorce.php,,https://www.zkwp.pl/wzorce/91.pdf
92,Mastif pirenejski,"Pinczery i sznaucery, molosy, szwajcarskie psy górskie i do bydła, pozostałe rasy",,,,https://www.zkwp.pl/wzorce.php,,https://www.zkwp.pl/wzorce/92.pdf
93,Owczarek portugalski,"Owczarki i inne psy pasterskie, z wyłączeniem szwajcarskich psów do bydła",,,,https://www.zkwp.pl/wzorce.php,,https://www.zkwp.pl/wzorce/93.pdf
94,Podengo portugalski,Szpice i psy w typie pierwotnym,,,,https://www.zkwp.pl/wzorce.php,,https://www.zkwp.pl/wzorce/94.pdf
95,Epagneul Breton,Wyżły,,,,https://www.zkwp.pl/wzorce.php,,https://www.zkwp.pl/wzorce/95.pdf
96,Rafeiro do Alentejo,"Pinczery i sznaucery, molosy, szwajcarskie psy górskie i do bydła, pozostałe rasy",,,,https://www.zkwp.pl/wzorce.php,,https://www.zkwp.pl/wzorce/96.pdf
97,Szpic niemiecki,Szpice i psy w typie pierwotnym,,,,https://www.zkwp.pl/wzorce.php,,https://www.zkwp.pl/wzorce/97.pdf
98,Wyżeł niemiecki szorstkowłosy,Wyżły,,,,https://www.zkwp.pl/wzorce.php,,https://www.zkwp.pl/wzorce/98.pdf
99,Wyżeł weimarski,Wyżły,,,,https://www.zkwp.pl/wzorce.php,,https://www.zkwp.pl/wzorce/99.pdf
100,Westfalski gończy krótkonożny,Psy gończe i rasy pokrewne,,,,https://www.zkwp.pl/wzorce.php,,https://www.zkwp.pl/wzorce/100.pdf
101,Buldog francuski,Psy ozdobne i do towarzystwa,,,,https://www.zkwp.pl/wzorce.php,,https://www.zkwp.pl/wzorce/101.pdf
102,Mały münsterländer,Wyżły,,,,https://www.zkwp.pl/wzorce.php,,https://www.zkwp.pl/wzorce/102.pdf
103,Niemiecki terier myśliwski,Teriery,,,,https://www.zkwp.pl/wzorce.php,,https://www.zkwp.pl/wzorce/103.pdf
104,Płochacz niemiecki - Wachtelhund,"Aportery, płochacze i psy dowodne",,,,https://www.zkwp.pl/wzorce.php,,https://www.zkwp.pl/wzorce/104.pdf
105,Barbet,"Aportery, płochacze i psy dowodne",,,,https://www.zkwp.pl/wzorce.php,,https://www.zkwp.pl/wzorce/105.pdf
106,Epagneul bleu de Picardie,Wyżły,,,,https://www.zkwp.pl/wzorce.php,,https://www.zkwp.pl/wzorce/106.pdf
107,Gryfon Korthalsa,Wyżły,,,,https://www.zkwp.pl/wzorce.php,,https://www.zkwp.pl/wzorce/107.pdf
108,Epagneul picard,Wyżły,,,,https://www.zkwp.pl/wzorce.php,,https://www.zkwp.pl/wzorce/108.pdf
109,Clumber Spaniel,"Aportery, płochacze i psy dowodne",,,,https://www.zkwp.pl/wzorce.php,,https://www.zkwp.pl/wzorce/109.pdf
110,Curly Coated Retriever,"Aportery, płochacze i psy dowodne",,,,https://www.zkwp.pl/wzorce.php,,https://www.zkwp.pl/wzorce/110.pdf
111,Golden Retriever,"Aportery, płochacze i psy dowodne",,,,https://www.zkwp.pl/wzorce.php,,https://www.zkwp.pl/wzorce/111.pdf
113,Owczarek francuski - Briard,"Owczarki i inne psy pasterskie, z wyłączeniem szwajcarskich psów do bydła",,,,https://www.zkwp.pl/wzorce.php,,https://www.zkwp.pl/wzorce/113.pdf
114,Epagneul de Pont-Audemer,Wyżły,,,,https://www.zkwp.pl/wzorce.php,,https://www.zkwp.pl/wzorce/114.pdf
115,Braque Saint-Germain,Wyżły,,,,https://www.zkwp.pl/wzorce.php,,https://www.zkwp.pl/wzorce/115.pdf
116,Dogue de Bordeaux,"Pinczery i sznaucery, molosy, szwajcarskie psy górskie i do bydła, pozostałe rasy",,,,https://www.zkwp.pl/wzorce.php,,https://www.zkwp.pl/wzorce/116.pdf
117,Wyżeł niemiecki długowłosy,Wyżły,,,,https://www.zkwp.pl/wzorce.php,,https://www.zkwp.pl/wzorce/117.pdf
118,Duży münsterländer,Wyżły,,,,https://www.zkwp.pl/wzorce.php,,https://www.zkwp.pl/wzorce/118.pdf
119,Wyżeł niemiecki krótkowłosy,Wyżły,,,,https://www.zkwp.pl/wzorce.php,,https://www.zkwp.pl/wzorce/119.pdf
120,Seter irlandzki,Wyżły,,,,https://www.zkwp.pl/wzorce.php,,https://www.zkwp.pl/wzorce/120.pdf
121,Flat Coated Retriever,"Aportery, płochacze i psy dowodne",,,,https://www.zkwp.pl/wzorce.php,,https://www.zkwp.pl/wzorce/121.pdf
122,Labrador Retriever,"Aportery, płochacze i psy dowodne",,,,https://www.zkwp.pl/wzorce.php,,https://www.zkwp.pl/wzorce/122.pdf
123,Field Spaniel,"Aportery, płochacze i psy dowodne",,,,https://www.zkwp.pl/wzorce.php,,https://www.zkwp.pl/wzorce/123.pdf
124,Irlandzki spaniel dowodny,"Aportery, płochacze i psy dowodne",,,,https://www.zkwp.pl/wzorce.php,,https://www.zkwp.pl/wzorce/124.pdf
125,Springer spaniel angielski,"Aportery, płochacze i psy dowodne",,,,https://www.zkwp.pl/wzorce.php,,https://www.zkwp.pl/wzorce/125.pdf
126,Springer spaniel walijski,"Aportery, płochacze i psy dowodne",,,,https://www.zkwp.pl/wzorce.php,,https://www.zkwp.pl/wzorce/126.pdf
127,Sussex Spaniel,"Aportery, płochacze i psy dowodne",,,,https://www.zkwp.pl/wzorce.php,,https://www.zkwp.pl/wzorce/127.pdf
128,King Charles Spaniel,Psy ozdobne i do towarzystwa,,,,https://www.zkwp.pl/wzorce.php,,https://www.zkwp.pl/wzorce/128.pdf
129,Gończy smalandzki,Psy gończe i rasy pokrewne,,,,https://www.zkwp.pl/wzorce.php,,https://www.zkwp.pl/wzorce/129.pdf
130,Drever,Psy gończe i rasy pokrewne,,,,https://www.zkwp.pl/wzorce.php,,https://www.zkwp.pl/wzorce/130.pdf
131,Gończy Schillera,Psy gończe i rasy pokrewne,,,,https://www.zkwp.pl/wzorce.php,,https://www.zkwp.pl/wzorce/131.pdf
132,Gończy Hamiltona,Psy gończe i rasy pokrewne,,,,https://www.zkwp.pl/wzorce.php,,https://www.zkwp.pl/wzorce/132.pdf
133,Wyżeł gaskoński,Wyżły,,,,https://www.zkwp.pl/wzorce.php,,https://www.zkwp.pl/wzorce/133.pdf
134,Wyżeł pirenejski,Wyżły,,,,https://www.zkwp.pl/wzorce.php,,https://www.zkwp.pl/wzorce/134.pdf
135,Svensk Lapphund,Szpice i psy w typie pierwotnym,,,,https://www.zkwp.pl/wzorce.php,,https://www.zkwp.pl/wzorce/135.pdf
136,Cavalier King Charles Spaniel,Psy ozdobne i do towarzystwa,,,,https://www.zkwp.pl/wzorce.php,,https://www.zkwp.pl/wzorce/136.pdf
137,Pirenejski pies górski,"Pinczery i sznaucery, molosy, szwajcarskie psy górskie i do bydła, pozostałe rasy",,,,https://www.zkwp.pl/wzorce.php,,https://www.zkwp.pl/wzorce/137.pdf
138,Owczarek pirenejski (a face rase),"Owczarki i inne psy pasterskie, z wyłączeniem szwajcarskich psów do bydła",,,,https://www.zkwp.pl/wzorce.php,,https://www.zkwp.pl/wzorce/138.pdf
139,Terier irlandzki,Teriery,,,,https://www.zkwp.pl/wzorce.php,,https://www.zkwp.pl/wzorce/139.pdf
140,Boston Terrier,Psy ozdobne i do towarzystwa,,,,https://www.zkwp.pl/wzorce.php,,https://www.zkwp.pl/wzorce/140.pdf
141,Owczarek pirenejski (a poil long),"Owczarki i inne psy pasterskie, z wyłączeniem szwajcarskich psów do bydła",,,,https://www.zkwp.pl/wzorce.php,,https://www.zkwp.pl/wzorce/141.pdf
142,Czuwacz słowacki,"Owczarki i inne psy pasterskie, z wyłączeniem szwajcarskich psów do bydła",,,,https://www.zkwp.pl/wzorce.php,,https://www.zkwp.pl/wzorce/142.pdf
143,Doberman,"Pinczery i sznaucery, molosy, szwajcarskie psy górskie i do bydła, pozostałe rasy",,,,https://www.zkwp.pl/wzorce.php,,https://www.zkwp.pl/wzorce/143.pdf
144,Bokser,"Pinczery i sznaucery, molosy, szwajcarskie psy górskie i do bydła, pozostałe rasy",,,,https://www.zkwp.pl/wzorce.php,,https://www.zkwp.pl/wzorce/144.pdf
145,Leonberger,"Pinczery i sznaucery, molosy, szwajcarskie psy górskie i do bydła, pozostałe rasy",,,,https://www.zkwp.pl/wzorce.php,,https://www.zkwp.pl/wzorce/145.pdf
146,Rhodesian Ridgeback,Psy gończe i rasy pokrewne,,,,https://www.zkwp.pl/wzorce.php,,https://www.zkwp.pl/wzorce/146.pdf
147,Rottweiler,"Pinczery i sznaucery, molosy, szwajcarskie psy górskie i do bydła, pozostałe rasy",,,,https://www.zkwp.pl/wzorce.php,,https://www.zkwp.pl/wzorce/147.pdf
148,Jamnik,Jamniki,,,,https://www.zkwp.pl/wzorce.php,,https://www.zkwp.pl/wzorce/148.pdf
149,Buldog angielski,"Pinczery i sznaucery, molosy, szwajcarskie psy górskie i do bydła, pozostałe rasy",,,,https://www.zkwp.pl/wzorce.php,,https://www.zkwp.pl/wzorce/149.pdf
150,Gończy serbski,Psy gończe i rasy pokrewne,,,,https://www.zkwp.pl/wzorce.php,,https://www.zkwp.pl/wzorce/150.pdf
151,Gończy istryjski krótkowłosy,Psy gończe i rasy pokrewne,,,,https://www.zkwp.pl/wzorce.php,,https://www.zkwp.pl/wzorce/151.pdf
152,Gończy istryjski szorstkowłosy,Psy gończe i rasy pokrewne,,,,https://www.zkwp.pl/wzorce.php,,https://www.zkwp.pl/wzorce/152.pdf
153,Dalmatyńczyk,Psy gończe i rasy pokrewne,,,,https://www.zkwp.pl/wzorce.php,,https://www.zkwp.pl/wzorce/153.pdf
154,Gończy chorwacki,Psy gończe i rasy pokrewne,,,,https://www.zkwp.pl/wzorce.php,,https://www.zkwp.pl/wzorce/154.pdf
155,Gończy bośniacki szorstkowłosy Barak,Psy gończe i rasy pokrewne,,,,https://www.zkwp.pl/wzorce.php,,https://www.zkwp.pl/wzorce/155.pdf
156,Owczarek szkocki długowłosy,"Owczarki i inne psy pasterskie, z wyłączeniem szwajcarskich psów do bydła",,,,https://www.zkwp.pl/wzorce.php,,https://www.zkwp.pl/wzorce/156.pdf
157,Bullmastiff,"Pinczery i sznaucery, molosy, szwajcarskie psy górskie i do bydła, pozostałe rasy",,,,https://www.zkwp.pl/wzorce.php,,https://www.zkwp.pl/wzorce/157.pdf
158,Greyhound,Charty,,,,https://www.zkwp.pl/wzorce.php,,https://www.zkwp.pl/wzorce/158.pdf
159,Foxhound angielski,Psy gończe i rasy pokrewne,,,,https://www.zkwp.pl/wzorce.php,,https://www.zkwp.pl/wzorce/159.pdf
160,Wilczarz irlandzki,Charty,,,,https://www.zkwp.pl/wzorce.php,,https://www.zkwp.pl/wzorce/160.pdf
161,Beagle,Psy gończe i rasy pokrewne,,,,https://www.zkwp.pl/wzorce.php,,https://www.zkwp.pl/wzorce/161.pdf
162,Whippet,Charty,,,,https://www.zkwp.pl/wzorce.php,,https://www.zkwp.pl/wzorce/162.pdf
163,Basset Hound,Psy gończe i rasy pokrewne,,,,https://www.zkwp.pl/wzorce.php,,https://www.zkwp.pl/wzorce/163.pdf
164,Chart szkocki,Charty,,,,https://www.zkwp.pl/wzorce.php,,https://www.zkwp.pl/wzorce/164.pdf
165,Wyżeł włoski szorstkowłosy,Wyżły,,,,https://www.zkwp.pl/wzorce.php,,https://www.zkwp.pl/wzorce/165.pdf
166,Owczarek niemiecki,"Owczarki i inne psy pasterskie, z wyłączeniem szwajcarskich psów do bydła",,,,https://www.zkwp.pl/wzorce.php,,https://www.zkwp.pl/wzorce/166.pdf
167,Cocker spaniel amerykański,"Aportery, płochacze i psy dowodne",,,,https://www.zkwp.pl/wzorce.php,,https://www.zkwp.pl/wzorce/167.pdf
168,Dandie Dinmont Terrier,Teriery,,,,https://www.zkwp.pl/wzorce.php,,https://www.zkwp.pl/wzorce/168.pdf
169,Foksterier szorstkowłosy,Teriery,,,,https://www.zkwp.pl/wzorce.php,,https://www.zkwp.pl/wzorce/169.pdf
170,Căo de Castro Laboreiro,"Pinczery i sznaucery, molosy, szwajcarskie psy górskie i do bydła, pozostałe rasy",,,,https://www.zkwp.pl/wzorce.php,,https://www.zkwp.pl/wzorce/170.pdf
171,Bouvier des Ardennes,"Owczarki i inne psy pasterskie, z wyłączeniem szwajcarskich psów do bydła",,,,https://www.zkwp.pl/wzorce.php,,https://www.zkwp.pl/wzorce/171.pdf
172,Pudel,Psy ozdobne i do towarzystwa,,,,https://www.zkwp.pl/wzorce.php,,https://www.zkwp.pl/wzorce/172.pdf
173,Căo da Serra da Estrela a pelo,"Pinczery i sznaucery, molosy, szwajcarskie psy górskie i do bydła, pozostałe rasy",,,,https://www.zkwp.pl/wzorce.php,,https://www.zkwp.pl/wzorce/173.pdf
175,Epagneul français,Wyżły,,,,https://www.zkwp.pl/wzorce.php,,https://www.zkwp.pl/wzorce/175.pdf
176,Owczarek pikardyjski,"Owczarki i inne psy pasterskie, z wyłączeniem szwajcarskich psów do bydła",,,,https://www.zkwp.pl/wzorce.php,,https://www.zkwp.pl/wzorce/176.pdf
177,Braque de l'Ariege,Wyżły,,,,https://www.zkwp.pl/wzorce.php,,https://www.zkwp.pl/wzorce/177.pdf
179,Braque du Bourbonnais,Wyżły,,,,https://www.zkwp.pl/wzorce.php,,https://www.zkwp.pl/wzorce/179.pdf
180,Braque d'Auvergne,Wyżły,,,,https://www.zkwp.pl/wzorce.php,,https://www.zkwp.pl/wzorce/180.pdf
181,Sznaucer olbrzym,"Pinczery i sznaucery, molosy, szwajcarskie psy górskie i do bydła, pozostałe rasy",,,,https://www.zkwp.pl/wzorce.php,,https://www.zkwp.pl/wzorce/181.pdf
182,Sznaucer średni,"Pinczery i sznaucery, molosy, szwajcarskie psy górskie i do bydła, pozostałe rasy",,,,https://www.zkwp.pl/wzorce.php,,https://www.zkwp.pl/wzorce/182.pdf
183,Sznaucer miniaturowy,"Pinczery i sznaucery, molosy, szwajcarskie psy górskie i do bydła, pozostałe rasy",,,,https://www.zkwp.pl/wzorce.php,,https://www.zkwp.pl/wzorce/183.pdf
184,Pinczer średni,"Pinczery i sznaucery, molosy, szwajcarskie psy górskie i do bydła, pozostałe rasy",,,,https://www.zkwp.pl/wzorce.php,,https://www.zkwp.pl/wzorce/184.pdf
185,Pinczer miniaturowy,"Pinczery i sznaucery, molosy, szwajcarskie psy górskie i do bydła, pozostałe rasy",,,,https://www.zkwp.pl/wzorce.php,,https://www.zkwp.pl/wzorce/185.pdf
186,Pinczer małpi,"Pinczery i sznaucery, molosy, szwajcarskie psy górskie i do bydła, pozostałe rasy",,,,https://www.zkwp.pl/wzorce.php,,https://www.zkwp.pl/wzorce/186.pdf
187,Wyżeł portugalski,Wyżły,,,,https://www.zkwp.pl/wzorce.php,,https://www.zkwp.pl/wzorce/187.pdf
188,Chart arabski - Sloughi,Charty,,,,https://www.zkwp.pl/wzorce.php,,https://www.zkwp.pl/wzorce/188.pdf
189,Suomenlapinkoira,Szpice i psy w typie pierwotnym,,,,https://www.zkwp.pl/wzorce.php,,https://www.zkwp.pl/wzorce/189.pdf
190,Hovawart,"Pinczery i sznaucery, molosy, szwajcarskie psy górskie i do bydła, pozostałe rasy",,,,https://www.zkwp.pl/wzorce.php,,https://www.zkwp.pl/wzorce/190.pdf
191,Bouvier des Flandres / Vlaamse Koehond,"Owczarki i inne psy pasterskie, z wyłączeniem szwajcarskich psów do bydła",,,,https://www.zkwp.pl/wzorce.php,,https://www.zkwp.pl/wzorce/191.pdf
192,Kromfohrländer,Psy ozdobne i do towarzystwa,,,,https://www.zkwp.pl/wzorce.php,,https://www.zkwp.pl/wzorce/192.pdf
193,Chart rosyjski borzoj,Charty,,,,https://www.zkwp.pl/wzorce.php,,https://www.zkwp.pl/wzorce/193.pdf
194,Bergamasco,"Owczarki i inne psy pasterskie, z wyłączeniem szwajcarskich psów do bydła",,,,https://www.zkwp.pl/wzorce.php,,https://www.zkwp.pl/wzorce/194.pdf
195,Szpic włoski,Szpice i psy w typie pierwotnym,,,,https://www.zkwp.pl/wzorce.php,,https://www.zkwp.pl/wzorce/195.pdf
196,Bolończyk,Psy ozdobne i do towarzystwa,,,,https://www.zkwp.pl/wzorce.php,,https://www.zkwp.pl/wzorce/196.pdf
197,Mastif neapolitański,"Pinczery i sznaucery, molosy, szwajcarskie psy górskie i do bydła, pozostałe rasy",,,,https://www.zkwp.pl/wzorce.php,,https://www.zkwp.pl/wzorce/197.pdf
198,Gończy włoski szorstkowłosy,Psy gończe i rasy pokrewne,,,,https://www.zkwp.pl/wzorce.php,,https://www.zkwp.pl/wzorce/198.pdf
199,Cirneco dell'Etna,Szpice i psy w typie pierwotnym,,,,https://www.zkwp.pl/wzorce.php,,https://www.zkwp.pl/wzorce/199.pdf
200,Charcik włoski,Charty,,,,https://www.zkwp.pl/wzorce.php,,https://www.zkwp.pl/wzorce/200.pdf
201,Maremmano-Abruzzese,"Owczarki i inne psy pasterskie, z wyłączeniem szwajcarskich psów do bydła",,,,https://www.zkwp.pl/wzorce.php,,https://www.zkwp.pl/wzorce/201.pdf
202,Wyżeł włoski krótkowłosy,Wyżły,,,,https://www.zkwp.pl/wzorce.php,,https://www.zkwp.pl/wzorce/202.pdf
203,Dunker,Psy gończe i rasy pokrewne,,,,https://www.zkwp.pl/wzorce.php,,https://www.zkwp.pl/wzorce/203.pdf
204,Gończy hiszpański,Psy gończe i rasy pokrewne,,,,https://www.zkwp.pl/wzorce.php,,https://www.zkwp.pl/wzorce/204.pdf
205,Chow Chow,Szpice i psy w typie pierwotnym,,,,https://www.zkwp.pl/wzorce.php,,https://www.zkwp.pl/wzorce/205.pdf
206,Chin japoński,Psy ozdobne i do towarzystwa,,,,https://www.zkwp.pl/wzorce.php,,https://www.zkwp.pl/wzorce/206.pdf
207,Pekińczyk,Psy ozdobne i do towarzystwa,,,,https://www.zkwp.pl/wzorce.php,,https://www.zkwp.pl/wzorce/207.pdf
208,Shih Tzu,Psy ozdobne i do towarzystwa,,,,https://www.zkwp.pl/wzorce.php,,https://www.zkwp.pl/wzorce/208.pdf
209,Terier tybetański,Psy ozdobne i do towarzystwa,,,,https://www.zkwp.pl/wzorce.php,,https://www.zkwp.pl/wzorce/209.pdf
211,Canadian Eskimo Dog,Szpice i psy w typie pierwotnym,,,,https://www.zkwp.pl/wzorce.php,,https://www.zkwp.pl/wzorce/211.pdf
212,Samoyed,Szpice i psy w typie pierwotnym,,,,https://www.zkwp.pl/wzorce.php,,https://www.zkwp.pl/wzorce/212.pdf
213,Posokowiec hanowerski,Psy gończe i rasy pokrewne,,,,https://www.zkwp.pl/wzorce.php,,https://www.zkwp.pl/wzorce/213.pdf
214,Gończy grecki,Psy gończe i rasy pokrewne,,,,https://www.zkwp.pl/wzorce.php,,https://www.zkwp.pl/wzorce/214.pdf
215,Bichon Frise,Psy ozdobne i do towarzystwa,,,,https://www.zkwp.pl/wzorce.php,,https://www.zkwp.pl/wzorce/215.pdf
216,Pudelpointer,Wyżły,,,,https://www.zkwp.pl/wzorce.php,,https://www.zkwp.pl/wzorce/216.pdf
217,Posokowiec bawarski,Psy gończe i rasy pokrewne,,,,https://www.zkwp.pl/wzorce.php,,https://www.zkwp.pl/wzorce/217.pdf
218,Chihuahua,Psy ozdobne i do towarzystwa,,,,https://www.zkwp.pl/wzorce.php,,https://www.zkwp.pl/wzorce/218.pdf
219,Gończy francuski trójkolorowy,Psy gończe i rasy pokrewne,,,,https://www.zkwp.pl/wzorce.php,,https://www.zkwp.pl/wzorce/219.pdf
220,Gończy francuski biało-czarny,Psy gończe i rasy pokrewne,,,,https://www.zkwp.pl/wzorce.php,,https://www.zkwp.pl/wzorce/220.pdf
221,Fryzyjski pies dowodny,"Aportery, płochacze i psy dowodne",,,,https://www.zkwp.pl/wzorce.php,,https://www.zkwp.pl/wzorce/221.pdf
222,Wyżeł fryzyjski,Wyżły,,,,https://www.zkwp.pl/wzorce.php,,https://www.zkwp.pl/wzorce/222.pdf
223,Owczarek holenderski,"Owczarki i inne psy pasterskie, z wyłączeniem szwajcarskich psów do bydła",,,,https://www.zkwp.pl/wzorce.php,,https://www.zkwp.pl/wzorce/223.pdf
224,Drentsche Patrijshond,Wyżły,,,,https://www.zkwp.pl/wzorce.php,,https://www.zkwp.pl/wzorce/224.pdf
225,Fila Brasileiro,"Pinczery i sznaucery, molosy, szwajcarskie psy górskie i do bydła, pozostałe rasy",,,,https://www.zkwp.pl/wzorce.php,,https://www.zkwp.pl/wzorce/225.pdf
226,Landseer (typ kontynentalno-europejski),"Pinczery i sznaucery, molosy, szwajcarskie psy górskie i do bydła, pozostałe rasy",,,,https://www.zkwp.pl/wzorce.php,,https://www.zkwp.pl/wzorce/226.pdf
227,Lhasa Apso,Psy ozdobne i do towarzystwa,,,,https://www.zkwp.pl/wzorce.php,,https://www.zkwp.pl/wzorce/227.pdf
228,Chart afgański,Charty,,,,https://www.zkwp.pl/wzorce.php,,https://www.zkwp.pl/wzorce/228.pdf
229,Gończy serbski trójkolorowy,Psy gończe i rasy pokrewne,,,,https://www.zkwp.pl/wzorce.php,,https://www.zkwp.pl/wzorce/229.pdf
230,Mastif tybetański,"Pinczery i sznaucery, molosy, szwajcarskie psy górskie i do bydła, pozostałe rasy",,,,https://www.zkwp.pl/wzorce.php,,https://www.zkwp.pl/wzorce/230.pdf
231,Spaniel tybetański,Psy ozdobne i do towarzystwa,,,,https://www.zkwp.pl/wzorce.php,,https://www.zkwp.pl/wzorce/231.pdf
232,Wyżeł niemiecki ostrowłosy,Wyżły,,,,https://www.zkwp.pl/wzorce.php,,https://www.zkwp.pl/wzorce/232.pdf
233,Lwi piesek,Psy ozdobne i do towarzystwa,,,,https://www.zkwp.pl/wzorce.php,,https://www.zkwp.pl/wzorce/233.pdf
234,Nagi pies meksykański,Szpice i psy w typie pierwotnym,,,,https://www.zkwp.pl/wzorce.php,,https://www.zkwp.pl/wzorce/234.pdf
235,Dog niemiecki,"Pinczery i sznaucery, molosy, szwajcarskie psy górskie i do bydła, pozostałe rasy",,,,https://www.zkwp.pl/wzorce.php,,https://www.zkwp.pl/wzorce/235.pdf
236,Australian Silky Terrier,Teriery,,,,https://www.zkwp.pl/wzorce.php,,https://www.zkwp.pl/wzorce/236.pdf
237,Norsk Buhund,Szpice i psy w typie pierwotnym,,,,https://www.zkwp.pl/wzorce.php,,https://www.zkwp.pl/wzorce/237.pdf
238,Mudi,"Owczarki i inne psy pasterskie, z wyłączeniem szwajcarskich psów do bydła",,,,https://www.zkwp.pl/wzorce.php,,https://www.zkwp.pl/wzorce/238.pdf
239,Wyżeł węgierski szorstkowłosy,Wyżły,,,,https://www.zkwp.pl/wzorce.php,,https://www.zkwp.pl/wzorce/239.pdf
240,Chart węgierski,Charty,,,,https://www.zkwp.pl/wzorce.php,,https://www.zkwp.pl/wzorce/240.pdf
241,Gończy węgierski,Psy gończe i rasy pokrewne,,,,https://www.zkwp.pl/wzorce.php,,https://www.zkwp.pl/wzorce/241.pdf
242,Elkhund szary,Szpice i psy w typie pierwotnym,,,,https://www.zkwp.pl/wzorce.php,,https://www.zkwp.pl/wzorce/242.pdf
243,Alaskan Malamute,Szpice i psy w typie pierwotnym,,,,https://www.zkwp.pl/wzorce.php,,https://www.zkwp.pl/wzorce/243.pdf
244,Gończy słowacki,Psy gończe i rasy pokrewne,,,,https://www.zkwp.pl/wzorce.php,,https://www.zkwp.pl/wzorce/244.pdf
245,Wyżeł czeski szorstkowłosy - Fousek,Wyżły,,,,https://www.zkwp.pl/wzorce.php,,https://www.zkwp.pl/wzorce/245.pdf
246,Terier czeski,Teriery,,,,https://www.zkwp.pl/wzorce.php,,https://www.zkwp.pl/wzorce/246.pdf
247,Aidi,"Pinczery i sznaucery, molosy, szwajcarskie psy górskie i do bydła, pozostałe rasy",,,,https://www.zkwp.pl/wzorce.php,,https://www.zkwp.pl/wzorce/247.pdf
248,Pies Faraona,Szpice i psy w typie pierwotnym,,,,https://www.zkwp.pl/wzorce.php,,https://www.zkwp.pl/wzorce/248.pdf
249,Dog z Majorki,"Pinczery i sznaucery, molosy, szwajcarskie psy górskie i do bydła, pozostałe rasy",,,,https://www.zkwp.pl/wzorce.php,,https://www.zkwp.pl/wzorce/249.pdf
250,Hawańczyk,Psy ozdobne i do towarzystwa,,,,https://www.zkwp.pl/wzorce.php,,https://www.zkwp.pl/wzorce/250.pdf
251,Polski owczarek nizinny,"Owczarki i inne psy pasterskie, z wyłączeniem szwajcarskich psów do bydła",,,,https://www.zkwp.pl/wzorce.php,,https://www.zkwp.pl/wzorce/251.pdf
252,Polski owczarek podhalański,"Owczarki i inne psy pasterskie, z wyłączeniem szwajcarskich psów do bydła",,,,https://www.zkwp.pl/wzorce.php,,https://www.zkwp.pl/wzorce/252.pdf
253,Mops,Psy ozdobne i do towarzystwa,,,,https://www.zkwp.pl/wzorce.php,,https://www.zkwp.pl/wzorce/253.pdf
254,Alpejski gończy krótkonożny,Psy gończe i rasy pokrewne,,,,https://www.zkwp.pl/wzorce.php,,https://www.zkwp.pl/wzorce/254.pdf
255,Akita,Szpice i psy w typie pierwotnym,,,,https://www.zkwp.pl/wzorce.php,,https://www.zkwp.pl/wzorce/255.pdf
257,Shiba,Szpice i psy w typie pierwotnym,,,,https://www.zkwp.pl/wzorce.php,,https://www.zkwp.pl/wzorce/257.pdf
259,Terier japoński,Teriery,,,,https://www.zkwp.pl/wzorce.php,,https://www.zkwp.pl/wzorce/259.pdf
260,Tosa,"Pinczery i sznaucery, molosy, szwajcarskie psy górskie i do bydła, pozostałe rasy",,,,https://www.zkwp.pl/wzorce.php,,https://www.zkwp.pl/wzorce/260.pdf
261,Hokkaido,Szpice i psy w typie pierwotnym,,,,https://www.zkwp.pl/wzorce.php,,https://www.zkwp.pl/wzorce/261.pdf
262,Szpic japoński,Szpice i psy w typie pierwotnym,,,,https://www.zkwp.pl/wzorce.php,,https://www.zkwp.pl/wzorce/262.pdf
263,Chesapeake Bay Retriever,"Aportery, płochacze i psy dowodne",,,,https://www.zkwp.pl/wzorce.php,,https://www.zkwp.pl/wzorce/263.pdf
264,Mastif angielski,"Pinczery i sznaucery, molosy, szwajcarskie psy górskie i do bydła, pozostałe rasy",,,,https://www.zkwp.pl/wzorce.php,,https://www.zkwp.pl/wzorce/264.pdf
265,Norsk Lundehund,Szpice i psy w typie pierwotnym,,,,https://www.zkwp.pl/wzorce.php,,https://www.zkwp.pl/wzorce/265.pdf
266,Hygenhund,Psy gończe i rasy pokrewne,,,,https://www.zkwp.pl/wzorce.php,,https://www.zkwp.pl/wzorce/266.pdf
267,Haldenstovare,Psy gończe i rasy pokrewne,,,,https://www.zkwp.pl/wzorce.php,,https://www.zkwp.pl/wzorce/267.pdf
268,Elkhund czarny,Szpice i psy w typie pierwotnym,,,,https://www.zkwp.pl/wzorce.php,,https://www.zkwp.pl/wzorce/268.pdf
269,Chart perski - Saluki,Charty,,,,https://www.zkwp.pl/wzorce.php,,https://www.zkwp.pl/wzorce/269.pdf
270,Siberian Husky,Szpice i psy w typie pierwotnym,,,,https://www.zkwp.pl/wzorce.php,,https://www.zkwp.pl/wzorce/270.pdf
271,Bearded Collie,"Owczarki i inne psy pasterskie, z wyłączeniem szwajcarskich psów do bydła",,,,https://www.zkwp.pl/wzorce.php,,https://www.zkwp.pl/wzorce/271.pdf
272,Norfolk Terrier,Teriery,,,,https://www.zkwp.pl/wzorce.php,,https://www.zkwp.pl/wzorce/272.pdf
273,Canaan Dog,Szpice i psy w typie pierwotnym,,,,https://www.zkwp.pl/wzorce.php,,https://www.zkwp.pl/wzorce/273.pdf
274,Pies grenlandzki,Szpice i psy w typie pierwotnym,,,,https://www.zkwp.pl/wzorce.php,,https://www.zkwp.pl/wzorce/274.pdf
276,Norrbottenspets,Szpice i psy w typie pierwotnym,,,,https://www.zkwp.pl/wzorce.php,,https://www.zkwp.pl/wzorce/276.pdf
277,Owczarek chorwacki,"Owczarki i inne psy pasterskie, z wyłączeniem szwajcarskich psów do bydła",,,,https://www.zkwp.pl/wzorce.php,,https://www.zkwp.pl/wzorce/277.pdf
278,Kraski Ovcar,"Pinczery i sznaucery, molosy, szwajcarskie psy górskie i do bydła, pozostałe rasy",,,,https://www.zkwp.pl/wzorce.php,,https://www.zkwp.pl/wzorce/278.pdf
279,Czarnogórski gończy górski,Psy gończe i rasy pokrewne,,,,https://www.zkwp.pl/wzorce.php,,https://www.zkwp.pl/wzorce/279.pdf
281,Wyżeł duński,Wyżły,,,,https://www.zkwp.pl/wzorce.php,,https://www.zkwp.pl/wzorce/281.pdf
282,Grand griffon vendéen,Psy gończe i rasy pokrewne,,,,https://www.zkwp.pl/wzorce.php,,https://www.zkwp.pl/wzorce/282.pdf
283,Coton de Tuléar,Psy ozdobne i do towarzystwa,,,,https://www.zkwp.pl/wzorce.php,,https://www.zkwp.pl/wzorce/283.pdf
284,Lapinporokoira,Szpice i psy w typie pierwotnym,,,,https://www.zkwp.pl/wzorce.php,,https://www.zkwp.pl/wzorce/284.pdf
285,Chart hiszpański,Charty,,,,https://www.zkwp.pl/wzorce.php,,https://www.zkwp.pl/wzorce/285.pdf
286,American Staffordshire Terrier,Teriery,,,,https://www.zkwp.pl/wzorce.php,,https://www.zkwp.pl/wzorce/286.pdf
287,Australian Cattle Dog,"Owczarki i inne psy pasterskie, z wyłączeniem szwajcarskich psów do bydła",,,,https://www.zkwp.pl/wzorce.php,,https://www.zkwp.pl/wzorce/287.pdf
288,Chiński grzywacz,Psy ozdobne i do towarzystwa,,,,https://www.zkwp.pl/wzorce.php,,https://www.zkwp.pl/wzorce/288.pdf
289,Islandzki szpic pasterski,Szpice i psy w typie pierwotnym,,,,https://www.zkwp.pl/wzorce.php,,https://www.zkwp.pl/wzorce/289.pdf
290,Beagle Harrier,Psy gończe i rasy pokrewne,,,,https://www.zkwp.pl/wzorce.php,,https://www.zkwp.pl/wzorce/290.pdf
291,Eurasier,Szpice i psy w typie pierwotnym,,,,https://www.zkwp.pl/wzorce.php,,https://www.zkwp.pl/wzorce/291.pdf
292,Dog argentyński,"Pinczery i sznaucery, molosy, szwajcarskie psy górskie i do bydła, pozostałe rasy",,,,https://www.zkwp.pl/wzorce.php,,https://www.zkwp.pl/wzorce/292.pdf
293,Owczarek australijski - Kelpie,"Owczarki i inne psy pasterskie, z wyłączeniem szwajcarskich psów do bydła",,,,https://www.zkwp.pl/wzorce.php,,https://www.zkwp.pl/wzorce/293.pdf
294,Otterhound,Psy gończe i rasy pokrewne,,,,https://www.zkwp.pl/wzorce.php,,https://www.zkwp.pl/wzorce/294.pdf
295,Harrier,Psy gończe i rasy pokrewne,,,,https://www.zkwp.pl/wzorce.php,,https://www.zkwp.pl/wzorce/295.pdf
296,Owczarek szkocki krótkowłosy,"Owczarki i inne psy pasterskie, z wyłączeniem szwajcarskich psów do bydła",,,,https://www.zkwp.pl/wzorce.php,,https://www.zkwp.pl/wzorce/296.pdf
297,Border Collie,"Owczarki i inne psy pasterskie, z wyłączeniem szwajcarskich psów do bydła",,,,https://www.zkwp.pl/wzorce.php,,https://www.zkwp.pl/wzorce/297.pdf
298,Lagotto romagnolo,"Aportery, płochacze i psy dowodne",,,,https://www.zkwp.pl/wzorce.php,,https://www.zkwp.pl/wzorce/298.pdf
299,Gończy niemiecki,Psy gończe i rasy pokrewne,,,,https://www.zkwp.pl/wzorce.php,,https://www.zkwp.pl/wzorce/299.pdf
300,Black and Tan Coonhound,Psy gończe i rasy pokrewne,,,,https://www.zkwp.pl/wzorce.php,,https://www.zkwp.pl/wzorce/300.pdf
301,Amerykański spaniel dowodny,"Aportery, płochacze i psy dowodne",,,,https://www.zkwp.pl/wzorce.php,,https://www.zkwp.pl/wzorce/301.pdf
302,Irish Glen of Imaal Terrier,Teriery,,,,https://www.zkwp.pl/wzorce.php,,https://www.zkwp.pl/wzorce/302.pdf
303,Foxhound amerykański,Psy gończe i rasy pokrewne,,,,https://www.zkwp.pl/wzorce.php,,https://www.zkwp.pl/wzorce/303.pdf
304,Łajka rosyjsko-europejska,Szpice i psy w typie pierwotnym,,,,https://www.zkwp.pl/wzorce.php,,https://www.zkwp.pl/wzorce/304.pdf
305,Łajka wschodniosyberyjska,Szpice i psy w typie pierwotnym,,,,https://www.zkwp.pl/wzorce.php,,https://www.zkwp.pl/wzorce/305.pdf
306,Łajka zachodniosyberyjska,Szpice i psy w typie pierwotnym,,,,https://www.zkwp.pl/wzorce.php,,https://www.zkwp.pl/wzorce/306.pdf
307,Chart afrykański - Azawakh,Charty,,,,https://www.zkwp.pl/wzorce.php,,https://www.zkwp.pl/wzorce/307.pdf
308,Hollandse Smoushond,"Pinczery i sznaucery, molosy, szwajcarskie psy górskie i do bydła, pozostałe rasy",,,,https://www.zkwp.pl/wzorce.php,,https://www.zkwp.pl/wzorce/308.pdf
309,Shar Pei,"Pinczery i sznaucery, molosy, szwajcarskie psy górskie i do bydła, pozostałe rasy",,,,https://www.zkwp.pl/wzorce.php,,https://www.zkwp.pl/wzorce/309.pdf
310,Nagi pies peruwiański,Szpice i psy w typie pierwotnym,,,,https://www.zkwp.pl/wzorce.php,,https://www.zkwp.pl/wzorce/310.pdf
311,Saarlooswolfhond,"Owczarki i inne psy pasterskie, z wyłączeniem szwajcarskich psów do bydła",,,,https://www.zkwp.pl/wzorce.php,,https://www.zkwp.pl/wzorce/311.pdf
312,Nova Scotia Duck Tolling Retriever,"Aportery, płochacze i psy dowodne",,,,https://www.zkwp.pl/wzorce.php,,https://www.zkwp.pl/wzorce/312.pdf
313,Nederlandse Schapendoes,"Owczarki i inne psy pasterskie, z wyłączeniem szwajcarskich psów do bydła",,,,https://www.zkwp.pl/wzorce.php,,https://www.zkwp.pl/wzorce/313.pdf
314,Nederlandse Kooikerhondje,"Aportery, płochacze i psy dowodne",,,,https://www.zkwp.pl/wzorce.php,,https://www.zkwp.pl/wzorce/314.pdf
315,Broholmer,"Pinczery i sznaucery, molosy, szwajcarskie psy górskie i do bydła, pozostałe rasy",,,,https://www.zkwp.pl/wzorce.php,,https://www.zkwp.pl/wzorce/315.pdf
316,Gończy francuski biało-pomarańczowy,Psy gończe i rasy pokrewne,,,,https://www.zkwp.pl/wzorce.php,,https://www.zkwp.pl/wzorce/316.pdf
317,Kai,Szpice i psy w typie pierwotnym,,,,https://www.zkwp.pl/wzorce.php,,https://www.zkwp.pl/wzorce/317.pdf
318,Kishu,Szpice i psy w typie pierwotnym,,,,https://www.zkwp.pl/wzorce.php,,https://www.zkwp.pl/wzorce/318.pdf
319,Shikoku,Szpice i psy w typie pierwotnym,,,,https://www.zkwp.pl/wzorce.php,,https://www.zkwp.pl/wzorce/319.pdf
320,Wyżeł słowacki szorstkowłosy (Ohar),Wyżły,,,,https://www.zkwp.pl/wzorce.php,,https://www.zkwp.pl/wzorce/320.pdf
321,Owczarek z Majorki,"Owczarki i inne psy pasterskie, z wyłączeniem szwajcarskich psów do bydła",,,,https://www.zkwp.pl/wzorce.php,,https://www.zkwp.pl/wzorce/321.pdf
322,Duży gończy anglo-francuski trójkolorowy,Psy gończe i rasy pokrewne,,,,https://www.zkwp.pl/wzorce.php,,https://www.zkwp.pl/wzorce/322.pdf
323,Duży gończy anglo-francuski biało-czarny,Psy gończe i rasy pokrewne,,,,https://www.zkwp.pl/wzorce.php,,https://www.zkwp.pl/wzorce/323.pdf
324,Duży gończy anglo-francuski biało-pomarańczowy,Psy gończe i rasy pokrewne,,,,https://www.zkwp.pl/wzorce.php,,https://www.zkwp.pl/wzorce/324.pdf
325,Mały gończy anglo-francuski,Psy gończe i rasy pokrewne,,,,https://www.zkwp.pl/wzorce.php,,https://www.zkwp.pl/wzorce/325.pdf
326,Owczarek południoworosyjski - Jużak,"Owczarki i inne psy pasterskie, z wyłączeniem szwajcarskich psów do bydła",,,,https://www.zkwp.pl/wzorce.php,,https://www.zkwp.pl/wzorce/326.pdf
327,Czarny terier rosyjski,"Pinczery i sznaucery, molosy, szwajcarskie psy górskie i do bydła, pozostałe rasy",,,,https://www.zkwp.pl/wzorce.php,,https://www.zkwp.pl/wzorce/327.pdf
328,Owczarek kaukaski,"Pinczery i sznaucery, molosy, szwajcarskie psy górskie i do bydła, pozostałe rasy",,,,https://www.zkwp.pl/wzorce.php,,https://www.zkwp.pl/wzorce/328.pdf
329,Podenco kanaryjski,Szpice i psy w typie pierwotnym,,,,https://www.zkwp.pl/wzorce.php,,https://www.zkwp.pl/wzorce/329.pdf
330,Seter irlandzki czerwono-biały,Wyżły,,,,https://www.zkwp.pl/wzorce.php,,https://www.zkwp.pl/wzorce/330.pdf
331,Kangal,"Pinczery i sznaucery, molosy, szwajcarskie psy górskie i do bydła, pozostałe rasy",,,,https://www.zkwp.pl/wzorce.php,,https://www.zkwp.pl/wzorce/331.pdf
332,Ceskoslovenský Vlciak,"Owczarki i inne psy pasterskie, z wyłączeniem szwajcarskich psów do bydła",,,,https://www.zkwp.pl/wzorce.php,,https://www.zkwp.pl/wzorce/332.pdf
333,Chart polski,Charty,,,,https://www.zkwp.pl/wzorce.php,,https://www.zkwp.pl/wzorce/333.pdf
334,Korea Jindo Dog,Szpice i psy w typie pierwotnym,,,,https://www.zkwp.pl/wzorce.php,,https://www.zkwp.pl/wzorce/334.pdf
335,Owczarek środkowoazjatycki,"Pinczery i sznaucery, molosy, szwajcarskie psy górskie i do bydła, pozostałe rasy",,,,https://www.zkwp.pl/wzorce.php,,https://www.zkwp.pl/wzorce/335.pdf
336,Hiszpański pies dowodny,"Aportery, płochacze i psy dowodne",,,,https://www.zkwp.pl/wzorce.php,,https://www.zkwp.pl/wzorce/336.pdf
337,Gończy włoski krótkowłosy,Psy gończe i rasy pokrewne,,,,https://www.zkwp.pl/wzorce.php,,https://www.zkwp.pl/wzorce/337.pdf
338,Thai Ridgeback Dog,Szpice i psy w typie pierwotnym,,,,https://www.zkwp.pl/wzorce.php,,https://www.zkwp.pl/wzorce/338.pdf
339,Parson Russell Terrier,Teriery,,,,https://www.zkwp.pl/wzorce.php,,https://www.zkwp.pl/wzorce/339.pdf
340,Cao Fila de Sao Miguel,"Pinczery i sznaucery, molosy, szwajcarskie psy górskie i do bydła, pozostałe rasy",,,,https://www.zkwp.pl/wzorce.php,,https://www.zkwp.pl/wzorce/340.pdf
341,Terier brazylijski,Teriery,,,,https://www.zkwp.pl/wzorce.php,,https://www.zkwp.pl/wzorce/341.pdf
342,Owczarek australijski (typ amerykański),"Owczarki i inne psy pasterskie, z wyłączeniem szwajcarskich psów do bydła",,,,https://www.zkwp.pl/wzorce.php,,https://www.zkwp.pl/wzorce/342.pdf
343,Cane Corso Italiano,"Pinczery i sznaucery, molosy, szwajcarskie psy górskie i do bydła, pozostałe rasy",,,,https://www.zkwp.pl/wzorce.php,,https://www.zkwp.pl/wzorce/343.pdf
344,Akita amerykańska,Szpice i psy w typie pierwotnym,,,,https://www.zkwp.pl/wzorce.php,,https://www.zkwp.pl/wzorce/344.pdf
345,Jack Russell Terrier,Teriery,,,,https://www.zkwp.pl/wzorce.php,,https://www.zkwp.pl/wzorce/345.pdf
346,Presa Canario,"Pinczery i sznaucery, molosy, szwajcarskie psy górskie i do bydła, pozostałe rasy",,,,https://www.zkwp.pl/wzorce.php,,https://www.zkwp.pl/wzorce/346.pdf
347,Biały owczarek szwajcarski,"Owczarki i inne psy pasterskie, z wyłączeniem szwajcarskich psów do bydła",,,,https://www.zkwp.pl/wzorce.php,,https://www.zkwp.pl/wzorce/347.pdf
348,Taiwan Dog,Szpice i psy w typie pierwotnym,,,,https://www.zkwp.pl/wzorce.php,,https://www.zkwp.pl/wzorce/348.pdf
349,Ciobanesc Romanesc Mioritic,"Owczarki i inne psy pasterskie, z wyłączeniem szwajcarskich psów do bydła",,,,https://www.zkwp.pl/wzorce.php,,https://www.zkwp.pl/wzorce/349.pdf
350,Ciobanesc Romanesc Carpatin,"Owczarki i inne psy pasterskie, z wyłączeniem szwajcarskich psów do bydła",,,,https://www.zkwp.pl/wzorce.php,,https://www.zkwp.pl/wzorce/350.pdf
351,Australian Stumpy Tail Cattle Dog,"Owczarki i inne psy pasterskie, z wyłączeniem szwajcarskich psów do bydła",,,,https://www.zkwp.pl/wzorce.php,,https://www.zkwp.pl/wzorce/351.pdf
352,Rosyjski toy,Psy ozdobne i do towarzystwa,,,,https://www.zkwp.pl/wzorce.php,,https://www.zkwp.pl/wzorce/352.pdf
353,Cimarrón Urugayo,"Pinczery i sznaucery, molosy, szwajcarskie psy górskie i do bydła, pozostałe rasy",,,,https://www.zkwp.pl/wzorce.php,,https://www.zkwp.pl/wzorce/353.pdf
354,Gończy polski,Psy gończe i rasy pokrewne,,,,https://www.zkwp.pl/wzorce.php,,https://www.zkwp.pl/wzorce/354.pdf
355,Tornjak,"Pinczery i sznaucery, molosy, szwajcarskie psy górskie i do bydła, pozostałe rasy",,,,https://www.zkwp.pl/wzorce.php,,https://www.zkwp.pl/wzorce/355.pdf
356,Dansk-Svensk Gardshund,"Pinczery i sznaucery, molosy, szwajcarskie psy górskie i do bydła, pozostałe rasy",,,,https://www.zkwp.pl/wzorce.php,,https://www.zkwp.pl/wzorce/356.pdf
357,Ciobanesc Romanesc de Bucovina,"Pinczery i sznaucery, molosy, szwajcarskie psy górskie i do bydła, pozostałe rasy",,,,https://www.zkwp.pl/wzorce.php,,https://www.zkwp.pl/wzorce/357.pdf
358,Thai Bangkaew Dog,Szpice i psy w typie pierwotnym,,,,https://www.zkwp.pl/wzorce.php,,https://www.zkwp.pl/wzorce/358.pdf
359,Bulterier miniaturowy,Teriery,,,,https://www.zkwp.pl/wzorce.php,,https://www.zkwp.pl/wzorce/359.pdf
360,Lancashire Heeler,"Owczarki i inne psy pasterskie, z wyłączeniem szwajcarskich psów do bydła",,,,https://www.zkwp.pl/wzorce.php,,https://www.zkwp.pl/wzorce/360.pdf
361,Segugio Maremmano,Psy gończe i rasy pokrewne,,,,https://www.zkwp.pl/wzorce.php,,https://www.zkwp.pl/wzorce/361.pdf
362,Pies z Kintamani-Bali,Szpice i psy w typie pierwotnym,,,,https://www.zkwp.pl/wzorce.php,,https://www.zkwp.pl/wzorce/362.pdf
363,Prazsky Krysarik,Psy ozdobne i do towarzystwa,,,,https://www.zkwp.pl/wzorce.php,,https://www.zkwp.pl/wzorce/363.pdf
364,Chodsky Pes,"Owczarki i inne psy pasterskie, z wyłączeniem szwajcarskich psów do bydła",,,,https://www.zkwp.pl/wzorce.php,,https://www.zkwp.pl/wzorce/364.pdf
365,Łajka jakucka,Szpice i psy w typie pierwotnym,,,,https://www.zkwp.pl/wzorce.php,,https://www.zkwp.pl/wzorce/365.pdf
366,Gończy estoński,Psy gończe i rasy pokrewne,,,,https://www.zkwp.pl/wzorce.php,,https://www.zkwp.pl/wzorce/366.pdf
367,Owczarek amerykański miniaturowy,"Owczarki i inne psy pasterskie, z wyłączeniem szwajcarskich psów do bydła",,,,https://www.zkwp.pl/wzorce.php,,https://www.zkwp.pl/wzorce/367.pdf
368,Mastif z Transmontanii,"Pinczery i sznaucery, molosy, szwajcarskie psy górskie i do bydła, pozostałe rasy",,,,https://www.zkwp.pl/wzorce.php,,https://www.zkwp.pl/wzorce/368.pdf
369,Buldog kontynentalny,"Pinczery i sznaucery, molosy, szwajcarskie psy górskie i do bydła, pozostałe rasy",,,,https://www.zkwp.pl/wzorce.php,,https://www.zkwp.pl/wzorce/369.pdf
370,Gos Rater Valencia,Teriery,,,,https://www.zkwp.pl/wzorce.php,,https://www.zkwp.pl/wzorce/370.pdf
